
        <fmm:MethodMap xmlns:fmm="http://fedora.comm.nsdlib.org/service/methodmap" name="MethodMap - Dual Resolution Image Implementation">
          <fmm:Method operationLabel="A full-size image" operationName="fullSize" wsdlMsgName="fullSizeRequest" wsdlMsgOutput="dissemResponse">
            <fmm:DatastreamInputParm defaultValue="" label="The full-size image" parmName="FULL_SIZE" passBy="URL_REF" required="true"></fmm:DatastreamInputParm>
            <fmm:MethodReturnType wsdlMsgName="dissemResponse" wsdlMsgTOMIME="image/jpeg"></fmm:MethodReturnType>
          </fmm:Method>
          <fmm:Method operationLabel="A medium-size image" operationName="mediumSize" wsdlMsgName="mediumSizeRequest" wsdlMsgOutput="dissemResponse">
            <fmm:DatastreamInputParm defaultValue="" label="The medium-size image" parmName="MEDIUM_SIZE" passBy="URL_REF" required="true"></fmm:DatastreamInputParm>
            <fmm:MethodReturnType wsdlMsgName="dissemResponse" wsdlMsgTOMIME="image/jpeg"></fmm:MethodReturnType>
          </fmm:Method>
        </fmm:MethodMap>
      