
        <fbs:DSInputSpec xmlns:fbs="http://fedora.comm.nsdlib.org/service/bindspec" label="NSDL Exhibit Mapping to the Fedora Local Saxon Service">
          <fbs:DSInput DSMax="1" DSMin="1" DSOrdinality="false" wsdlMsgPartName="XML_SOURCE">
            <fbs:DSInputLabel>XML source file</fbs:DSInputLabel>
            <fbs:DSMIME>text/xml</fbs:DSMIME>
            <fbs:DSInputInstruction>XML source file to be transformed</fbs:DSInputInstruction>
          </fbs:DSInput>
          <fbs:DSInput DSMax="1" DSMin="1" DSOrdinality="false" wsdlMsgPartName="XSL_STYLESHEET1">
            <fbs:DSInputLabel>XSLT Stylesheet 1</fbs:DSInputLabel>
            <fbs:DSMIME>text/xml</fbs:DSMIME>
            <fbs:DSInputInstruction>Stylesheet to produce the transformation output in Style 1</fbs:DSInputInstruction>
          </fbs:DSInput>
          <fbs:DSInput DSMax="1" DSMin="1" DSOrdinality="false" wsdlMsgPartName="XSL_STYLESHEET2">
            <fbs:DSInputLabel>XSLT Stylesheet 2</fbs:DSInputLabel>
            <fbs:DSMIME>text/xml</fbs:DSMIME>
            <fbs:DSInputInstruction>Stylesheet to produce the transformation output in Style 2</fbs:DSInputInstruction>
          </fbs:DSInput>
        </fbs:DSInputSpec>
      