
        <fmm:MethodMap xmlns:fmm="http://fedora.comm.nsdlib.org/service/methodmap" name="MethodMap - Document Transform BDEF Methods">
          <fmm:Method operationName="getDocumentStyle1" wsdlMsgName="getDocumentStyle1Request" wsdlMsgOutput="xslt_response">
            <fmm:DatastreamInputParm parmName="XML_SOURCE" passBy="URL_REF" required="true"></fmm:DatastreamInputParm>
            <fmm:DatastreamInputParm parmName="XSL_STYLESHEET1" passBy="URL_REF" required="true"></fmm:DatastreamInputParm>
            <fmm:DefaultInputParm defaultValue="yes" parmName="CLEAR_CACHE" passBy="VALUE" required="true"></fmm:DefaultInputParm>
            <fmm:MethodReturnType wsdlMsgName="xslt_response" wsdlMsgTOMIME="text/html"></fmm:MethodReturnType>
          </fmm:Method>
          <fmm:Method operationName="getDocumentStyle2" wsdlMsgName="getDocumentStyle2Request" wsdlMsgOutput="xslt_response">
            <fmm:DatastreamInputParm parmName="XML_SOURCE" passBy="URL_REF" required="true"></fmm:DatastreamInputParm>
            <fmm:DatastreamInputParm parmName="XSL_STYLESHEET2" passBy="URL_REF" required="true"></fmm:DatastreamInputParm>
            <fmm:DefaultInputParm defaultValue="yes" parmName="CLEAR_CACHE" passBy="VALUE" required="true"></fmm:DefaultInputParm>
            <fmm:MethodReturnType wsdlMsgName="xslt_response" wsdlMsgTOMIME="text/html"></fmm:MethodReturnType>
          </fmm:Method>
        </fmm:MethodMap>
      