
        <fmm:MethodMap xmlns:fmm="http://fedora.comm.nsdlib.org/service/methodmap" name="MethodMap - Fedora HTTP Image Getter BMech for UVA Simple Image BDEF">
          <fmm:Method operationName="getThumbnail" wsdlMsgName="getThumbRequest" wsdlMsgOutput="image_response">
            <fmm:DatastreamInputParm parmName="THUMBRES_IMG" passBy="URL_REF" required="true"></fmm:DatastreamInputParm>
            <fmm:MethodReturnType wsdlMsgName="image_response" wsdlMsgTOMIME="image/jpeg"></fmm:MethodReturnType>
          </fmm:Method>
          <fmm:Method operationName="getMedium" wsdlMsgName="getMedRequest" wsdlMsgOutput="image_response">
            <fmm:DatastreamInputParm parmName="MEDRES_IMG" passBy="URL_REF" required="true"></fmm:DatastreamInputParm>
            <fmm:MethodReturnType wsdlMsgName="image_response" wsdlMsgTOMIME="image/jpeg"></fmm:MethodReturnType>
          </fmm:Method>
          <fmm:Method operationName="getHigh" wsdlMsgName="getHighRequest" wsdlMsgOutput="image_response">
            <fmm:DatastreamInputParm parmName="HIGHRES_IMG" passBy="URL_REF" required="true"></fmm:DatastreamInputParm>
            <fmm:MethodReturnType wsdlMsgName="image_response" wsdlMsgTOMIME="image/jpeg"></fmm:MethodReturnType>
          </fmm:Method>
          <fmm:Method operationName="getVeryHigh" wsdlMsgName="getVeryHighRequest" wsdlMsgOutput="image_response">
            <fmm:DatastreamInputParm parmName="VERYHIGHRES_IMG" passBy="URL_REF" required="true"></fmm:DatastreamInputParm>
            <fmm:MethodReturnType wsdlMsgName="image_response" wsdlMsgTOMIME="image/jpeg"></fmm:MethodReturnType>
          </fmm:Method>
        </fmm:MethodMap>
      