
        <fbs:DSInputSpec xmlns:fbs="http://fedora.comm.nsdlib.org/service/bindspec" label="CU ImageManipulation Datastream Input Specification">
          <fbs:DSInput DSMax="1" DSMin="1" DSOrdinality="false" wsdlMsgPartName="url">
            <fbs:DSInputLabel>Image URL</fbs:DSInputLabel>
            <fbs:DSMIME>image/gif</fbs:DSMIME>
            <fbs:DSMIME>image/jpeg</fbs:DSMIME>
            <fbs:DSMIME>image/tiff</fbs:DSMIME>
            <fbs:DSMIME>image/png</fbs:DSMIME>
            <fbs:DSMIME>image/bmp</fbs:DSMIME>
            <fbs:DSInputInstruction>URL pointing to an image of type GIF, JPG, or TIF</fbs:DSInputInstruction>
          </fbs:DSInput>
        </fbs:DSInputSpec>
      