
        <oai_dc:dc xmlns:dc="http://purl.org/dc/elements/1.1/" xmlns:oai_dc="http://www.openarchives.org/OAI/2.0/oai_dc/">
          <dc:title>Apache Batik 1.5 Demo Directory</dc:title>
          <dc:creator>Chris Wilper</dc:creator>
          <dc:creator>The Apache Group</dc:creator>
          <dc:subject>svg</dc:subject>
          <dc:subject>batik</dc:subject>
          <dc:subject>apache</dc:subject>
          <dc:description>Demonstration digital object containing SVG demos from the Batik 1.5 distribution</dc:description>
          <dc:publisher>The Apache Group</dc:publisher>
          <dc:format>image/svg+xml</dc:format>
          <dc:identifier>demo:31</dc:identifier>
          <dc:relation>http://xml.apache.org/batik/</dc:relation>
          <dc:rights>The Apache License</dc:rights>
        </oai_dc:dc>
      