<?xml version="1.0" encoding="UTF-8"?>
<feed xmlns="http://www.w3.org/2005/Atom">
  <id>info:fedora/demo:SmileyGreetingCard</id>
  <title type="text">Data Object (Smiley Greeting Card) for Image Collection Demo</title>
  <updated>2008-07-02T05:09:42.015Z</updated>
  <author>
    <name>fedoraAdmin</name>
  </author>
  <category term="Active" scheme="info:fedora/fedora-system:def/model#state"></category>
  <category term="2008-07-02T05:09:42.015Z" scheme="info:fedora/fedora-system:def/model#createdDate"></category>
  <icon>http://www.fedora-commons.org/images/logo_vertical_transparent_200_251.png</icon>
  <entry>
    <id>info:fedora/demo:SmileyGreetingCard/DC</id>
    <title type="text">DC</title>
    <updated>2008-07-02T05:09:43.000Z</updated>
    <link href="info:fedora/demo:SmileyGreetingCard/DC/2008-07-02T05:09:43.000Z" rel="alternate"></link>
    <category term="A" scheme="info:fedora/fedora-system:def/model#state"></category>
    <category term="X" scheme="info:fedora/fedora-system:def/model#controlGroup"></category>
    <category term="true" scheme="info:fedora/fedora-system:def/model#versionable"></category>
  </entry>
  <entry xmlns:thr="http://purl.org/syndication/thread/1.0">
    <id>info:fedora/demo:SmileyGreetingCard/DC/2008-07-02T05:09:43.000Z</id>
    <title type="text">DC.1</title>
    <updated>2008-07-02T05:09:43.000Z</updated>
    <thr:in-reply-to ref="info:fedora/demo:SmileyGreetingCard/DC"></thr:in-reply-to>
    <category term="http://www.openarchives.org/OAI/2.0/oai_dc/" scheme="info:fedora/fedora-system:def/model#formatURI"></category>
    <category term="Dublin Core Record for this object" scheme="info:fedora/fedora-system:def/model#label"></category>
    <summary type="text">DC.1</summary>
    <content type="text/xml" src="DC.1.xml"></content>
  </entry>
  <entry>
    <id>info:fedora/demo:SmileyGreetingCard/RELS-EXT</id>
    <title type="text">RELS-EXT</title>
    <updated>2008-07-02T05:09:43.000Z</updated>
    <link href="info:fedora/demo:SmileyGreetingCard/RELS-EXT/2008-07-02T05:09:43.000Z" rel="alternate"></link>
    <category term="A" scheme="info:fedora/fedora-system:def/model#state"></category>
    <category term="X" scheme="info:fedora/fedora-system:def/model#controlGroup"></category>
    <category term="true" scheme="info:fedora/fedora-system:def/model#versionable"></category>
  </entry>
  <entry xmlns:thr="http://purl.org/syndication/thread/1.0">
    <id>info:fedora/demo:SmileyGreetingCard/RELS-EXT/2008-07-02T05:09:43.000Z</id>
    <title type="text">RELS-EXT.0</title>
    <updated>2008-07-02T05:09:43.000Z</updated>
    <thr:in-reply-to ref="info:fedora/demo:SmileyGreetingCard/RELS-EXT"></thr:in-reply-to>
    <category term="info:fedora/fedora-system:FedoraRELSExt-1.0" scheme="info:fedora/fedora-system:def/model#formatURI"></category>
    <category term="RDF Statements about this object" scheme="info:fedora/fedora-system:def/model#label"></category>
    <summary type="text">RELS-EXT.0</summary>
    <content type="application/rdf+xml" src="RELS-EXT.0.xml"></content>
  </entry>
  <entry>
    <id>info:fedora/demo:SmileyGreetingCard/MEDIUM_SIZE</id>
    <title type="text">MEDIUM_SIZE</title>
    <updated>2008-07-02T05:09:43.000Z</updated>
    <link href="info:fedora/demo:SmileyGreetingCard/MEDIUM_SIZE/2008-07-02T05:09:43.000Z" rel="alternate"></link>
    <category term="A" scheme="info:fedora/fedora-system:def/model#state"></category>
    <category term="E" scheme="info:fedora/fedora-system:def/model#controlGroup"></category>
    <category term="true" scheme="info:fedora/fedora-system:def/model#versionable"></category>
  </entry>
  <entry xmlns:thr="http://purl.org/syndication/thread/1.0">
    <id>info:fedora/demo:SmileyGreetingCard/MEDIUM_SIZE/2008-07-02T05:09:43.000Z</id>
    <title type="text">MediumSize.jpg.0</title>
    <updated>2008-07-02T05:09:43.000Z</updated>
    <thr:in-reply-to ref="info:fedora/demo:SmileyGreetingCard/MEDIUM_SIZE"></thr:in-reply-to>
    <category term="Medium-size image" scheme="info:fedora/fedora-system:def/model#label"></category>
    <summary type="text">MediumSize.jpg.0</summary>
    <content type="image/jpeg" src="http://local.fedora.server/fedora-demo/image-collection-demo/SmileyGreetingCard-MediumSize.jpg"></content>
  </entry>
  <entry>
    <id>info:fedora/demo:SmileyGreetingCard/FULL_SIZE</id>
    <title type="text">FULL_SIZE</title>
    <updated>2008-07-02T05:09:43.000Z</updated>
    <link href="info:fedora/demo:SmileyGreetingCard/FULL_SIZE/2008-07-02T05:09:43.000Z" rel="alternate"></link>
    <category term="A" scheme="info:fedora/fedora-system:def/model#state"></category>
    <category term="E" scheme="info:fedora/fedora-system:def/model#controlGroup"></category>
    <category term="true" scheme="info:fedora/fedora-system:def/model#versionable"></category>
  </entry>
  <entry xmlns:thr="http://purl.org/syndication/thread/1.0">
    <id>info:fedora/demo:SmileyGreetingCard/FULL_SIZE/2008-07-02T05:09:43.000Z</id>
    <title type="text">FullSize.jpg.0</title>
    <updated>2008-07-02T05:09:43.000Z</updated>
    <thr:in-reply-to ref="info:fedora/demo:SmileyGreetingCard/FULL_SIZE"></thr:in-reply-to>
    <category term="Full-size image" scheme="info:fedora/fedora-system:def/model#label"></category>
    <summary type="text">FullSize.jpg.0</summary>
    <content type="image/jpeg" src="http://local.fedora.server/fedora-demo/image-collection-demo/SmileyGreetingCard-FullSize.jpg"></content>
  </entry>
</feed>